Date,Year,Event,Event description,Period_ID,SongID,EventID
1988-01-07 00:00:00.000,"- 1988","The Battle for Hill 3234","The Battle for Hill 3234 was fought by Soviet Troops in Afghanistan to secure an important strategic road. 39 Soviets faced 250 well-armed Mujahideen rebels over the course of two days, suffering heavy casualties but ultimately prevailing.",8,54,1
1521-01-14 00:00:00.000,"- 1521","The Royal Guard was formed","The Livgarde (Royal Guard) represents one of Europe’s oldest extant military formations. Their existence dates back to the origins of modern Sweden itself. In the present day, they are now modernised and mechanised, but at the core, they haven’t changed.",10,41,2
1713-02-01 00:00:00.000,"- 1713","The skirmish at Bender","In exile, King Karl XII and his Swedes had been guests of the Ottoman Sultan Ahmed III for nearly three and a half years. They had outstayed their welcome and the skirmish at Bender commenced. It was all deemed a misunderstanding that led to the fight and the tragic loss of men.",10,41,3
1719-01-16 00:00:00.000,"- 1719","Final Carolean death march survivors return home","After Carolus Rex was killed, Carolean soldiers were ordered to retreat home to Sweden. An ill-fated decision to march 6,000 defeated troops across Norway’s Tydal mountains resulted in almost two thirds of the men freezing to death on their journey.",3,83,5
0480-08-11 00:00:00.000,"- 480","Death of King Leonidas","At the legendary Battle of Thermopylae in Ancient Greece, King Leonidas and a small number of soldiers – including 300 of his warriors from the state of Sparta – died making an heroic last stand against an invading force of around 100,000 Persians.",1,48,6
1918-01-28 00:00:00.000,"- 1918","John McCrae dies","John McCrae was a military doctor and a Major of the 1st Brigade of Canadian Field Artillery. His famous poem, 'In Flanders Fields' immortalised the dying in Flanders and the Great War. He wrote this poem after witnessing the death of a dear friend. The poppy flowers he wrote of became the universal symbol of remembrance.",5,46,7
1877-01-29 00:00:00.000,"- 1877","Satsuma Rebellion begins","The Satsuma Rebellion was the last revolt of the samurai against the imperial government of emperor Meiji. Ending with the famous Battle of Shiroyama, the uprising marks the final chapter of Japan’s most famous warriors.",4,55,8
1913-02-06 00:00:00.000,"- 1913","Yevdokiya Bershanskaya born","Major Yevdokia Bershanskaya was commander of the 588th Night Bomber Regiment of the Soviet Air Force – the all-female regiment known as the Night Witches, who carried out stealthy anti-German bombing activity from 1942 until the end of WWII.",7,60,9
1941-10-08 00:00:00.000,"- 1941","Stalin orders deployment of Night Witches","Women were originally barred from combat in the Soviet Union, until Josef Stalin ordered the deployment of three female flying regiments, one of which was the 588th Night Bomber Regiment, nicknamed the ""Night Witches"" for their stealthy attacks.",7,60,10
1916-07-01 00:00:00.000,"- 1916","The Battle of the Somme","The Battle of the Somme was one of the Great War’s bloodiest battles. It took place from July 1 and November 18, 1916, between the armies of the British and the French against the German Empire.",5,12,99
1914-08-11 00:00:00.000,"- 1914","First call for British volunteer soldiers","When the First World War broke out, thousands of volunteers flocked to army recruitment offices of their respective armies to do their bit for their countries and be part of what they thought would be a short, grand adventure. A sizable portion of these volunteers were young teenagers and underage boys aged 13-16, who would sadly never return home.",5,12,100
1945-12-24 00:00:00.000,"- 1945","Lemmy was born","On December 24, 1945, Ian Fraser Kilmister, known as the legendary Lemmy, was born in England. He was the founder, lead singer, bassist and main songwriter of Motörhead, one of the most influential bands in music history. Lemmy died on December 28, 2015, at the age of 70.",5,12,101
1906-02-10 00:00:00.000,"- 1906","The HMS Dreadnought was launched","In 1906, the HMS Dreadnought was officially launched at sea. This mighty battleship was armed with greater speed, greater range and larger guns than any other vessel. In battle, it would remain untouched, staying out of range of the lighter guns of its foes.",5,28,13
1914-07-28 00:00:00.000,"- 1914","World War I begins","The Great War began in July 1914 and concluded in November 1918. It was the very first global conflict that spanned multiple continents and oceans from Europe, Africa and Asia to the Indian Ocean, and North and South Atlantic Oceans. Territory was lost, and gained, empires crumbled and millions sacrificed their lives to fight.",5,13,63
1314-06-23 00:00:00.000,"- 1314","Battle of Bannockburn begins","Scotland was embroiled in a war with England for its independence when the Scots besieged Stirling Castle. The mighty English force that was sent to end the siege was humiliated at Bannockburn by a much smaller Scottish army, led by Robert the Bruce.",2,49,14
1913-06-02 00:00:00.000,"- 1913","The 369th Infantry Regiment was constituted","In 1918, the Harlem Hellfighters were assigned to fight in WW1 alongside the French army. This regiment was mainly made up of African American soldiers, and they were not allowed to fight alongside the ordinary American soldiers.",5,14,61
1706-02-13 00:00:00.000,"- 1706","The Battle of Fraustadt","Fraustadt was one of Sweden’s greatest victories in the Great Northern War, when the Swedes – outnumbered by more than 2:1 – used a perfectly-devised pincer movement tactic to entrap their opponents and capture or kill three quarters of their force.",3,80,15
1917-07-31 00:00:00.000,"- 1917","Battle of Passchendaele begins","The Battle of Passchendaele was one of WWI's major campaigns on the western front. Raging from July 31 to November 10, 1917, the fights between Allied forces and the Germans in Flanders accounted for over half a million deaths.",5,15,47
1916-02-21 00:00:00.000,"- 1916","The Battle of Verdun Begins","The Battle of Verdun lasted over 300 days. It was the longest battle of the First World War, and for many of the war’s soldiers, it was the epitome of brutal, mechanised modern war. For a few kilometres of land, hundreds of thousands of men lost their lives.",5,16,17
1914-10-16 00:00:00.000,"- 1914","Battle of the Yser begins","The Battle of the Yser, which took place during WWI, began on October 16, 1914. The Entente and the Belgians successfully crushed the Germans’ hopes of continuing the Schlieffen Plan. Each attempt was foiled by entrenched machine guns and artillery, as well as by the deliberate flooding of the Yser Canal, which affected the German trenches.",5,17,73
1918-06-01 00:00:00.000,"- 1918","The Battle of Belleau Wood begins","During the Battle of Belleau Wood, US Marines had taken the fight to the enemy and were ready to accept heavy casualties to achieve victory against the Germans. The ferocity of the attack earned them the name 'Devil Dogs'.",5,18,60
1719-02-26 00:00:00.000,"- 1719","Charles XII buried at Riddarholmen Church","Nearly three months after his death at the Siege of Fredriksten, King Charles XII (Carolus Rex) was buried at Riddarholmen Church, the historic resting place of Swedish monarchs. Having never married or fathered children, he was succeeded by his sister.",3,82,19
1895-03-05 00:00:00.000,"- 1895","Albert Severin Roche was born","France’s Albert Severin Roche became known as “The First Soldier” of France for his heroism and bravery. Despite his small stature and his peers’ scepticism, by the end of WW1 Albert had more than proved himself, having captured over 1,180 prisoners while fighting for the French Army.",5,19,25
1617-10-12 00:00:00.000,"- 1617","Gustavus Adolphus crowned","Gustavus Adolphus was perhaps Sweden’s greatest king: a pioneer of modern warfare and statesmanship who laid the foundations for the Swedish Empire and many elements of the modern Swedish state.",3,74,20
1891-03-09 00:00:00.000,"- 1891","Francis Pegahmagabow was born","Francis Pegahmagabow concluded WWI as one of only 37 Canadian soldiers to receive two bars on their Military Medals and was the most highly decorated aboriginal soldier in Canadian history. He was credited with 378 sniper kills and he captured over 300 prisoners.",5,20,27
1943-02-27 00:00:00.000,"- 1943","Operation Gunnerside","Operation Gunnerside was one of the most successful sabotage missions in history. By blowing up a production facility at Norway’s Vermork Hydroelectric Plant, the saboteurs thwarted Hitler’s efforts to produce the materials needed for an atomic bomb.",7,103,21
1973-10-05 00:00:00.000,"- 1973","Milunka Savić dies","A celebrated Serbian war hero, Milunka Savić is one of the world's most decorated female combatants who fought in both Balkan Wars and WWI. She is known for cutting off her hair and changing her appearance to look like a man in order to take her brother’s place in the army.",5,21,75
1631-09-17 00:00:00.000,"- 1631","Battle of Breitenfeld","Led by King Gustav II Adolf, the Swedish army took on the Catholic League and the Habsburg Imperial Army on September 17, 1631, in an open field near the village of Breitenfeld. After seven hours of battle, the Swedish-Saxon army was victorious.",3,75,22
1631-09-17 00:00:00.000,"- 1631","Battle of Breitenfeld","Led by King Gustav II Adolf, the Swedish army took on the Catholic League and the Habsburg Imperial Army on September 17, 1631, in an open field near the village of Breitenfeld. After seven hours of battle, the Swedish-Saxon army was victorious.",3,88,22
1915-10-07 00:00:00.000,"- 1915","The Defence of Belgrade","Following the complete failure of the Austro-Hungarian invasion of Serbia in 1914 during World War I, it was time for the Imperial army to try again the following year. On October 9, 1915, the fall of Belgrade was declared.",5,22,49
1915-03-02 00:00:00.000,"- 1915","First Stormtrooper unit authorised on the Western Front","The Stormtroopers were specialist soldiers of the German Army who used precise infiltration tactics to target their enemies during WWI. During their assaults they would apply a deadly mix of shock, surprise and ultra violence.",5,31,23
1963-06-05 00:00:00.000,"- 1963","Sir Adrian Carton de Wiart dies","A man with war in his blood, Sir Adrian Carton De Wiart was of Belgian heritage but fought for the British Empire during WW1. Throughout his stints at war, he was injured multiple times, and despite the severity of his wounds, survived. He became known as the ‘man who could not be killed’.",5,23,64
1618-05-23 00:00:00.000,"- 1618","Bohemian Revolt starts 30 Years’ War","The people of Bohemia disliked their childless king’s choice of heir and elected their own prince. When the appointed heir sent representatives to Prague Castle, rebels threw them from a window, starting Europe’s bloodiest pre-20th Century war.",3,76,24
1935-05-19 00:00:00.000,"- 1935","Thomas Edward Lawrence dies","Thomas Edward Lawrence, known as the legendary Lawrence of Arabia, was deemed by the British public as a modern-day Robin Hood. His tale was a tale of courageous fighting, of distant journeys and exotic oriental adventure. He was assigned to the British officer corps in Egypt and was renowned for his role in the Arab Revolt and the Sinai and Palestine Campaign against the Ottoman Empire.",5,24,50
1964-09-02 00:00:00.000,"- 1964","Alvin York dies","Alvin York led the 82nd Infantry Division against the German defensive machine gun nests on Hill 223 in 1918 and captured a large group of German Soldiers. York became one of the biggest American heroes. He scooped countless medals, including the Congressional Medal of Honor. He died on September 2, 1964, of a cerebral haemorrhage at the age of 76.",5,25,57
1648-07-25 00:00:00.000,"- 1648","The Battle of Prague starts","The last major clash of the Thirty Years’ War happened in the same place as the first: Prague. With final peace negotiations underway, Sweden took the opportunity for a last assault on Bohemia to loot Prague Castle and seize its prized art collection.",3,77,26
1648-07-25 00:00:00.000,"- 1648","The Battle of Prague starts","The last major clash of the Thirty Years’ War happened in the same place as the first: Prague. With final peace negotiations underway, Sweden took the opportunity for a last assault on Bohemia to loot Prague Castle and seize its prized art collection.",3,90,26
1868-12-09 00:00:00.000,"- 1868","Fritz Haber was born","Fritz Haber’s inventions truly benefited the world. He helped billions of people, yet his inventions also caused terrible, agonising deaths and lifelong suffering for hundreds of thousands during World War I. He is responsible for the advent of chemical warfare.",5,26,79
1918-04-21 00:00:00.000,"- 1918","‘The Red Baron’ Manfred von Richthofen dies","A great symbol of World War I, Manfred Albrecht Freiherr von Richthofen, known as The Red Baron, was a killer in the skies. On April 21, 1918, his red triplane came to a stop and he was killed by a single bullet through the heart.",5,27,40
1933-03-10 00:00:00.000,"- 1933","Formation of the Chasseurs Ardennais","The Belgian Armed Forces unit, whose motto is “Resist and Bite”, is known for its fierce resistance against Germany’s invasion of Belgium in WWII. Panzer division commander Erwin Rommel said of their bravery: “They are not men; they are green wolves”.",7,66,28
1697-12-14 00:00:00.000,"- 1697","Charles XII of Sweden is crowned","Charles XII of Sweden, or Carolus Rex, ascended to the throne at age 15. He was a strong believer in the divine right of kings and spent his whole life at war to expand or protect the Swedish Empire.",3,79,29
1697-12-14 00:00:00.000,"- 1697","Charles XII of Sweden is crowned","Charles XII of Sweden, or Carolus Rex, ascended to the throne at age 15. He was a strong believer in the divine right of kings and spent his whole life at war to expand or protect the Swedish Empire.",3,92,29
1915-08-06 00:00:00.000,"- 1915","Attack of the Dead Men","In the early morning of August 6, the German gas batteries opened up and a dark green smog crept over the Russian lines at Osowiec Fortress. Despite the deadly effects of the poison gas, the Russians, like dead men returning to life, counterattacked the German infantry.",5,29,59
1915-08-06 00:00:00.000,"- 1915","Attack of the Dead Men","In the early morning of August 6, the German gas batteries opened up and a dark green smog crept over the Russian lines at Osowiec Fortress. Despite the deadly effects of the poison gas, the Russians, like dead men returning to life, counterattacked the German infantry.",5,43,59
1935-03-16 00:00:00.000,"- 1935","Formation of the Wehrmacht","The Wehrmacht was the united armed force of Germany, comprising the Heer (army), Kriegsmarine (navy) and Luftwaffe (air force). It was established by Hitler in direct disregard of the restrictions on German rearmament that were imposed after WWI.",7,104,30
1916-09-15 00:00:00.000,"- 1916","The Battle of Flers-Courcelette begins","The Battle of Flers-Courcelette on September 15, 1916, saw the very first tank take on the battlefield. The first tank on tank battle took place on April 24, 1918, during The Second Battle of Villers-Bretonneux. This deadly vehicle was the future of mechanised warfare.",5,30,54
1709-07-08 00:00:00.000,"- 1709","Swedish Army defeated at Poltava","This battle is widely thought to have begun the downfall of the Swedish Empire, when Peter the Great and his Russian army routed the Caroleans on a battlefield in modern day Ukraine. Carolus Rex, wounded, spent five years in exile after the defeat.",3,81,32
1709-07-08 00:00:00.000,"- 1709","Swedish Army defeated at Poltava","This battle is widely thought to have begun the downfall of the Swedish Empire, when Peter the Great and his Russian army routed the Caroleans on a battlefield in modern day Ukraine. Carolus Rex, wounded, spent five years in exile after the defeat.",3,94,32
1914-06-28 00:00:00.000,"- 1914","Archduke Franz Ferdinand was assassinated","In the summer of 1914, Archduke Franz Ferdinand planned a visit to Sarajevo to present himself to the Bosnian people. On June 28, 1914, he and his wife, Sophie Chotek von Chotkowa, were assassinated. It was an event that would change the world forever, leading to the downfall of four mighty empires.",5,32,69
1916-04-17 00:00:00.000,"- 1916","Col di Lana summit taken by the Italians","At 23:30 on April 17, 1916, the Italians, who were up against the Austro-Hungarian Empire, detonated 5,000kg of Nitro-Gelatine. Around 200 Austrian soldiers were killed in the explosion and the following assault, and the Italians secured the Col di Lana summit.",5,33,39
1917-04-22 00:00:00.000,"- 1917","The second Battle of Doiran begins","During the Battles of Doiran (in 1916, 1917 and 1918), the Bulgarians tenaciously defended their well prepared positions against British troops. Three times the attackers went up against the lines and three times they were beaten back.",5,34,42
1527-05-06 00:00:00.000,"- 1527","The Sack of Rome","The Sack of Rome occurred when disaffected Holy Roman Empire troops attacked the city in search of spoils. The outnumbered Swiss Guard, protectors of the Vatican, stood against the invading horde, giving their lives so the Pope could make his escape.",3,53,35
1914-12-24 00:00:00.000,"- 1914","Christmas Truce was enforced","An act of trust during World War I, on December 24, 1914, an unofficial Christmas Truce was enforced on the Western Front. British and German soldiers united, mingled and even played games together - a rare but magical moment of peace.",5,35,77
1945-04-14 00:00:00.000,"- 1945","The Drei Brasilianischen Helden incident","Three Brazilian soldiers were attacked by German troops while on patrol in Montese, Italy. Refusing to surrender, they fought until their ammunition ran out. The Germans, impressed by the heroes (Helden), buried the men with a cross by their graves.",7,62,36
1919-06-28 00:00:00.000,"- 1919","Treaty of Versailles signed","The Treaty of Versailles was one of five treaties signed by the Central Powers that ended the First World War. It was considered the most important and was formalised on June 28, 1919, in the Palace of Versailles. The Treaty comprised the 'War Guilt clause', which required Germany to cede territory, pay reparations and disarm.",5,36,70
1683-09-12 00:00:00.000,"- 1683","The Battle of Vienna","Vienna was a key goal for the Ottoman Empire, which was at war with Europe for centuries. After besieging the city for two months, the Ottomans were driven away when a relief force, including the famed Winged Hussars of Poland, arrived to save Vienna.",3,56,37
1918-08-08 00:00:00.000,"- 1918","The Black day of the German Army","Known as “the black day of the German army”, 530 British tanks broke into the German lines in Amiens, France, achieving major breakthroughs for the first time in years, heralding the beginning of the end of World War I.",5,37,80
1982-06-07 00:00:00.000,"- 1982","Manowar releases first album, ‘Battle Hymns’","Manowar's first album, 'Battle Hymns', was released in 1982. The band took the world by storm and for over 40 years they have celebrated the essence of True Heavy Metal. Manowar still holds the record for being the loudest band in history.",,38,104
1941-10-02 00:00:00.000,"- 1941","The Battle of Moscow begins","Operation Typhoon kicks off on October 2, 1941. Despite the brutal weather conditions, the German offensive continues its ruthless advance on Moscow. Half a million Muscovites are forced to prepare for battle to defend their city against the enemy.",,40,107
1847-12-21 00:00:00.000,"- 1847","Birth of Colonel John Chard","For two days, 150 British and colonial soldiers defended Rorke’s Drift mission station in South Africa from up to 4,000 Zulu warriors. Leader John Chard and 10 of his men were awarded the Victoria Cross medal – the most ever given for a single action by one regiment.",4,52,41
1945-05-02 00:00:00.000,"- 1945","Battle of Berlin ends","German general of the 12th Army, Walther Wenck, realised the end of the war was approaching. Instead of attempting to defeat the invading Soviet forces during the Battle of Berlin, which he was ordered to do, he used his army to create an escape corridor out of Berlin. He was responsible for up to 250,000 people escaping to safety.",7,69,44
1914-09-15 00:00:00.000,"- 1914","First trenches dug on the Western Front","The First World War kicked off on July 28, 1914, and ended on November 11, 1918. This war marked the start of trench warfare. Due to the heavy artillery and machine guns used on the Western Front, armies were forced to dig trenches to protect themselves.",5,44,45
1918-11-11 00:00:00.000,"- 1918","World War I ends","The First World War ended on November 11, 1918. It is estimated that 9,722,000 soldiers had been killed, while 21 million others had survived the war but were left scarred or maimed for life. It is also estimated that 6-13 million civilians perished in the conflict.",5,45,67
1945-05-05 00:00:00.000,"- 1945","The Battle of Castle Itter","An American Army captain, a Waffen SS officer and a German Army Major made a plan to rescue and defend French hostages from loyal Nazis at Castle Itter in Austria. All of the hostages survived the battle, thanks to one of the least likely alliances of World War II.",7,57,46
1941-05-27 00:00:00.000,"- 1941","Bismarck sinks","Disregarding a treaty formed in WWI, Hitler sends Bismarck, Germany's mightiest battleship, on a secret mission to the Atlantic. Following a merciless battle with the British navy, it sinks on May 27, 1941. Out of more than 2,000, only 115 of its crew survive.",7,47,55
1920-11-11 00:00:00.000,"- 1920","Burial of British Unknown Warrior","On Armistice Day in 1920, an unknown British soldier was symbolically buried to commemorate those who lost their lives during World War I. These soldiers were never identified or laid to rest. Each year, the site attracts thousands of pilgrims and tourists.",5,50,51
1918-09-26 00:00:00.000,"- 1918","Start of Meuse-Argonne Offensive","In October 1918 during the Meuse-Argonne Offensive, 554 all-American soldiers, who were part of the 77th Division, were completely surrounded by the German army. Known as ‘The Lost Battalion’, the soldiers were also subjected to friendly fire. Only 194 of them made it out alive.",5,51,52
1948-05-25 00:00:00.000,"- 1948","Witold Pilecki executed","This extraordinary Polish soldier bravely entered Auschwitz to gather intelligence, becoming Inmate 4859. He escaped two years later and went on to fight in the Warsaw Uprising, but was later executed for spying by Poland’s new communist government.",7,63,53
1971-05-28 00:00:00.000,"- 1971","Audie Murphy dies","After lying about his age to enlist, Audie Murphy became one of the most decorated US soldiers of WWII. He went on to act in Hollywood, but died in a plane crash aged just 45. His grave at Arlington Cemetery is the most visited after John F Kennedy’s.",7,64,56
1951-08-25 00:00:00.000,"- 1951","‘Metal God’ Rob Halford was born","Rob Halford is the vocalist of the legendary heavy metal band, Judas Priest. The band has left an unforgettable stamp on the history of Heavy Metal and continues touring and rocking to this day.",,59,106
1943-12-20 00:00:00.000,"- 1943","The Charlie Brown and Franz Stigler incident","Following the bombing of the city of Bremen, Germany, Charlie Brown's B-17 bomber, ‘Ye Old Pub’, has suffered heavy damage. As he and his men scramble to get back to England, German fighter ace Franz Stigler begins his attack but shows them mercy.",7,61,92
1942-06-04 00:00:00.000,"- 1942","Battle of Midway starts","Six months after the attack on Pearl Harbor, the US Navy delivered a decisive defeat to Japan in a four-day battle near Midway Atol in the Pacific. The battle severely weakened Japan’s navy and is considered a turning point in WWII in the Pacific.",7,98,62
1943-07-30 00:00:00.000,"- 1943","Leslie “Bull” Allen rescues US soldiers","Leslie “Bull” Allen was an Australian soldier who was awarded the US Silver Star for single-handedly rescuing 12 injured Americans at the battle of Mount Tambu in 1943, carrying each man out of the line of fire on his shoulders before returning for the next.",7,65,78
1965-10-18 00:00:00.000,"- 1965","Lauri Allan Törni dies","Lauri Törni served for three armies during his remarkable military career: first for his birth country of Finland, then he joined the Nazi SS to fight against the Soviets, and finally, he emigrated to the USA to fight for the American Army. He died in a helicopter crash in Vietnam.",7,67,93
1971-10-27 00:00:00.000,"- 1971","Karel Janoušek dies","Karel Janoušek was an heroic Czech airman who played a key role in the Battle of Britain, only to be imprisoned in his own country after the war. Our song Far From the Fame commemorates Janoušek and the sacrifices he made.",7,68,95
1940-07-10 00:00:00.000,"- 1940","Battle of Britain starts","The Battle of Britain was the first major campaign fought entirely by air forces, in which the Royal Air Force defended the island against the Luftwaffe. Despite the name, almost one in five fighter pilots who flew for Britain were from overseas.",7,102,72
1944-08-01 00:00:00.000,"- 1944","Warsaw Uprising begins","The Warsaw Uprising was a major insurrection by the Polish Resistance, taking place from August 1st to October 2nd 1944. Trying to liberate the city from its German oppressors, the Uprising symbolises the bravery of the Polish people.",7,99,81
1944-08-19 00:00:00.000,"- 1944","The liberation of Paris military battle","In mid-August 1944, the Allied offensive in France had broken through the German lines in Normandy. Local resistance groups emerged from the underground, supporting the Allies with important intelligence and harassing the retreating German soldiers.",7,99,82
1940-10-28 00:00:00.000,"- 1940","Start of the Greco-Italian war","The Greco-Italian war took place from October 28, 1940, until April 23, 1941. Prior to it kicking off, the Greeks were given an ultimatum – to permit Italy’s occupation of certain strategic points or face war. They chose to stand their ground and fight heroically.",7,97,87
1940-10-28 00:00:00.000,"- 1940","Start of the Greco-Italian war","The Greco-Italian war took place from October 28, 1940, until April 23, 1941. Prior to it kicking off, the Greeks were given an ultimatum – to permit Italy’s occupation of certain strategic points or face war. They chose to stand their ground and fight heroically.",7,107,87
1944-12-27 00:00:00.000,"- 1944","End of the Siege of Bastogne","Men from the US 101st Airborne Division (the Screaming Eagles) were sent to defend Bastogne from approaching Nazi troops. With the town surrounded and cut off from supplies, they fought for seven days in bitter cold before reinforcements arrived.",7,100,89
1938-11-09 00:00:00.000,"- 1938","Kristallnacht – The Night of Broken Glass","Kristallnacht, also known as the ‘Night of Broken Glass’, was a pogrom against Jewish communities in Germany. 1,000 synagogues and prayer rooms were vandalised or set on fire, while 7,500 shops were destroyed and looted. Jewish neighbourhoods were attacked and 90 Jews were killed.",7,101,90
1905-12-17 00:00:00.000,"- 1905","Simo Häyhä born","Simo Häyhä was arguably the most prolific sniper of all time, earning the nickname “White Death” following up to 505 kills in the Finnish Winter War. Although seriously wounded just before the war ended, he went on to become a hunter and lived to the age of 96.",7,105,91
1905-12-17 00:00:00.000,"- 1905","Simo Häyhä born","Simo Häyhä was arguably the most prolific sniper of all time, earning the nickname “White Death” following up to 505 kills in the Finnish Winter War. Although seriously wounded just before the war ended, he went on to become a hunter and lived to the age of 96.",7,109,91
1940-02-10 00:00:00.000,"- 1940","Erwin Rommel assumes command of 7th Panzer Division","The 7th Panzer Division of the German Army earned its nickname “Ghost Division” for its skilful surprise attacks during the WWII invasion of Belgium and France. Erwin “Desert Fox” Rommel was one of its most successful and famous commanders.",7,111,11
1972-04-10 00:00:00.000,"- 1972","Ancient texts discovered in China","The ancient Yinqeshan Han tombs were accidentally discovered by Chinese construction workers. They contained a treasure trove of well-preserved 2,000-year-old bamboo writing tablets – including chapters from Sun Tzu’s 'The Art of War'. The Art of War consists of 13 chapters, each of which highlights a different aspect of warfare.",1,112,4
1939-09-07 00:00:00.000,"- 1939","Battle of Wizna starts","In the early days of the Nazi invasion of Poland – the event that started WWII – a few hundred brave Poles mounted a three-day defence against more than 40,000 Germans, a battle that has drawn comparisons to the famous last stand of the Spartans.",7,113,85
1942-05-30 00:00:00.000,"- 1942","Partisan Movement Central HQ founded","The Soviet Partisan movement sprang up after Germany’s invasion of the USSR. Up to 6,000 resistance groups carried out activity ranging from guerrilla attacks to delivering anti-Nazi propaganda. A unified HQ for the movement was launched in 1942.",7,114,58
1915-02-17 00:00:00.000,"- 1915","Start of the Gallipoli Campaign","The Gallipoli campaign was a long and controversial attempt to reach and occupy Constantinople (Istanbul) during WWI. The doomed campaign cost 44,000 allied troops their lives, more than a quarter of whom were from Australia and New Zealand.",5,116,16
1939-11-30 00:00:00.000,"- 1939","Start of the Finnish Winter War","This conflict saw a tiny but adaptable Finnish Army hold off a mighty Soviet force for several weeks before efforts were redoubled and they were overrun. The resulting peace treaty would see Finland forced to cede large amounts of land to their invaders.",7,117,86
1943-07-05 00:00:00.000,"- 1943","The Battle of Kursk","In 1943 during World War II, one of the largest tank battles in history resulted in the Soviet Union gaining the advantage on the Eastern Front, which it would hold until the end of the war.",7,118,71
1943-07-27 00:00:00.000,"- 1943","730 British bombers target Hamburg","On July 24, 1943, Operation Gomorrah began. On the evening of July 27, a fleet of 730 British bombers appeared over the city unleashing over 2,300 tons of bombs on Hamburg. Major fires broke out all over the city causing a lethal storm of fire. Dresden was the next target in 1945.",7,120,76
1929-07-28 00:00:00.000,"- 1929","Official opening of restored Gokstad mound","The discovery of the Gokstad burial mound in Norway granted a glimpse into the world of Vikings. Following its excavation in 1880, a ship buried 1,000 years earlier was found, and next to a large pile of shields, swords and jewellery lay a man who was the embodiment of a Viking. In July 1929, an official opening ceremony was held which was attended by King Haakon VII and thousands of spectators.",2,122,12
1972-04-10 00:00:00.000,"- 1972","Ancient texts discovered in China","The ancient Yinqeshan Han tombs were accidentally discovered by Chinese construction workers. They contained a treasure trove of well-preserved 2,000-year-old bamboo writing tablets – including chapters from Sun Tzu’s 'The Art of War'. The Art of War consists of 13 chapters, each of which highlights a different aspect of warfare.",1,124,4
2003-03-20 00:00:00.000,"- 2003","Launch of Operation Iraqi Freedom","The US codename for the invasion of Iraq by the USA and allies, with the aim of ending dictator Saddam Hussein’s regime. The invasion was swift and the capital Baghdad fell within 20 days, but US military presence in Iraq would continue until 2011.",9,138,31
1945-04-16 00:00:00.000,"- 1945","Battle of Berlin begins","The Battle of Berlin was the last major offensive of World War II in Europe and saw the Soviet Army capture the German capital. Hitler and several senior Nazis would commit suicide before the battle was over, and Germany’s surrender would follow.",7,144,38
1945-04-12 00:00:00.000,"- 1945","Harry Truman sworn in as US President","Just hours after Harry Truman was sworn in as the US President, he was led to a meeting and informed of the real purpose of the secret Manhattan Project. Using electromagnetic separation, the nation's top scientists had uncovered a way to create weapons of mass destruction.",7,145,34
1945-04-30 00:00:00.000,"- 1945","Death of Hitler","There was no glorious ending for the man responsible for the bloodiest war in human history. With the German capital Berlin crippled by a massive Soviet attack and on the verge of falling, Hitler retired to his study and shot himself.",6,146,43
2001-09-11 00:00:00.000,"- 2001","9/11 terror attacks occur","On September 11, 2001, a group of Arab Jihadists led by Osama bin Laden hijacked four commercial airliners and crashed them into the World Trade Center and the Pentagon. The act of terrorism resulted in the death of 2,996 people.",9,147,88
1995-07-11 00:00:00.000,"- 1995","Srebrenica massacre begins","The Srebrenica Massacre began on July 11, 1995, and concluded on July 22, 1995. Over 8,000 Bosniak Muslim males between the ages of 12 and 77 were captured and brutally executed. It was considered the bloodiest massacre and crime against humanity Europe had seen since the end of WW2.",9,148,74
1914-09-15 00:00:00.000,"- 1914","First trenches dug on the Western Front","The First World War kicked off on July 28, 1914, and ended on November 11, 1918. This war marked the start of trench warfare. Due to the heavy artillery and machine guns used on the Western Front, armies were forced to dig trenches to protect themselves.",5,149,45
1982-04-02 00:00:00.000,"- 1982","Falklands War begins","The 1982 Falklands War was a two month conflict between Argentina and the United Kingdom over the Falkland Islands in the South Atlantic. The UK retained control of the islands, but both countries continue to claim sovereignty over them to this day.",8,150,33
1945-10-24 00:00:00.000,"- 1945","United Nations officially founded","United Nations Day is a global day of celebration, marking the day representatives from 50 countries met to sign the charter that established the UN. Sabaton’s song A Light in the Black is about peacekeeping – just one part of the UN’s international work.",8,151,94
1970-02-13 00:00:00.000,"- 1970","The birth of Heavy Metal","The birth date for Heavy Metal might as well be February 13, 1970, when Black Sabbath dropped their groundbreaking debut album, which took the blues-heavy Rock n Roll sound of the late 60s and put a harder, gloomier and occult spin on things.",11,152,98
1944-06-06 00:00:00.000,"- 1944","D-Day landings","The famous landings on the beaches of Normandy started Operation Overlord, the Allied invasion of German-occupied France. Winning this crucial battle gave the Allies a foothold from which to start pushing back the Nazis and turning the tide of WWII.",7,157,65
1944-08-30 00:00:00.000,"- 1944","Operation Overlord ends","Operation Overlord, the Allied invasion of Nazi-occupied France, began with the D-Day beach landings. After a slow start the Allies pushed the Germans back until Paris was liberated and the Germans retreated across the River Seine.",7,157,66
1944-06-06 00:00:00.000,"- 1944","D-Day landings","The famous landings on the beaches of Normandy started Operation Overlord, the Allied invasion of German-occupied France. Winning this crucial battle gave the Allies a foothold from which to start pushing back the Nazis and turning the tide of WWII.",7,158,65
1944-08-30 00:00:00.000,"- 1944","Operation Overlord ends","Operation Overlord, the Allied invasion of Nazi-occupied France, began with the D-Day beach landings. After a slow start the Allies pushed the Germans back until Paris was liberated and the Germans retreated across the River Seine.",7,158,66
1990-08-02 00:00:00.000,"- 1990","The Gulf War begins","The Gulf War began on August 2, 1990 and concluded on February 28, 1991 after 1,000 hours of war in the air and 100 hours of fighting on the ground. 35 nations, led by the USA, had defeated Iraq, which was armed with one of the largest armies on the planet.",8,159,83
2003-03-20 00:00:00.000,"- 2003","Launch of Operation Iraqi Freedom","The US codename for the invasion of Iraq by the USA and allies, with the aim of ending dictator Saddam Hussein’s regime. The invasion was swift and the capital Baghdad fell within 20 days, but US military presence in Iraq would continue until 2011.",9,160,31
1942-05-11 00:00:00.000,"- 1942","Attack on convoy ON 92","Merchant ship convoy ON 92, en route to America from Britain, was detected by Wolfpack Hecht, a group of Nazi U-boats (submarines) patrolling the north Atlantic. Seven ships were sunk before the Wolfpack lost contact with them on May 13.",7,161,48
1967-06-10 00:00:00.000,"- 1967","The Six-Day War ends","Already fragile peace in the Middle East was broken when Egypt closed a major shipping canal to Israeli vessels. Israel declared war, launching pre-emptive airstrikes. Jordan and Syria intervened, but all three nations were defeated, losing 20,000 troops.",8,162,68
1942-08-23 00:00:00.000,"- 1942","Battle of Stalingrad begins","The largest battle in war history was an attempt by the Axis powers of WWII to capture the city of Stalingrad. The invaders were repelled by Soviet forces, but not before the city was destroyed and up to 2 million people killed, wounded or captured.",7,163,84
1955-11-01 00:00:00.000,"- 1955","Start of Vietnam War","Officially a war between North and South Vietnam, countries around the world became involved, most notably the USA. Nearly 60,000 US troops died, and some tactics used in the war – such as chemical defoliation – remain controversial to this day.",8,164,96
1932-02-22 00:00:00.000,"- 1932","First Purple Heart awarded","The Purple Heart is a medal given to US Armed Forces members who have been wounded or killed by enemy action. The first Purple Heart was awarded to Army Chief of Staff General Douglas MacArthur, who spearheaded the design and launch of the medal.",10,165,18
1974-09-06 00:00:00.000,"- 1974","Judas Priest releases debut album “Rocka Rolla”","On September 6, 1974, Judas Priest unleashed their debut album 'Rocka Rolla'. They proudly embodied the old working-class flair of their hometowns and defined the sound of Heavy Metal with the fast-paced power of double guitars.",11,166,97
1914-08-01 00:00:00.000,"- 1914","Europe marches to war","In August 1914, Europe marched to war. The sound of heavy boots moving in unison could be heard, while proud banners flew above the soldiers. A short war was anticipated but a short war was not what they got.",,167,105
1955-11-01 00:00:00.000,"- 1955","Start of Vietnam War","Officially a war between North and South Vietnam, countries around the world became involved, most notably the USA. Nearly 60,000 US troops died, and some tactics used in the war – such as chemical defoliation – remain controversial to this day.",8,169,96
1945-04-30 00:00:00.000,"- 1945","Death of Hitler","There was no glorious ending for the man responsible for the bloodiest war in human history. With the German capital Berlin crippled by a massive Soviet attack and on the verge of falling, Hitler retired to his study and shot himself.",6,170,43
1944-01-17 00:00:00.000,"- 1944","Battle of Monte Cassino begins","The Battle of Monte Cassino began on January 17 and concluded on May 18, 1944. It entailed four Allied assaults against the Winter Line (a series of German and Italian military fortifications) in Italy during WWII. The battle resulted in 55,000 Allied deaths and 20,000 killed and wounded Germans.",,,102
1879-01-22 00:00:00.000,"- 1879","The Battle of Rorke’s Drift","For two days, 150 British and colonial soldiers defended Rorke’s Drift mission station in South Africa from up to 4,000 Zulu warriors. Eleven defenders were awarded the Victoria Cross medal – the most ever given for a single action by one regiment.",,,103
1655-11-24 00:00:00.000,"- 1655","Charles XI of Sweden was born","King Charles XI of Sweden reigned until his death in 1697. He was fundamental to the development of the Caroleans, who were considered the elite warriors of Europe in their day. They won great battles with their innovative and superior tactics.",,,108
